{
  "id": "backtest_20251129_091642",
  "kind": "backtest",
  "timestamp": "20251129_091642",
  "params": {
    "strategy": "min_vol",
    "lookback": 20,
    "top_n": 50
  },
  "stats": {
    "cumulative_return": 0.019295937771045768,
    "annualized_return": 0.08358062825830626,
    "annualized_volatility": 0.629314903632433,
    "sharpe_ratio": 0.1328120910149676,
    "max_drawdown": -0.24839941403817056
  },
  "equity": [
    0.0,
    0.0,
    0.0,
    0.0,
    0.0,
    0.0,
    0.0,
    0.0,
    0.0,
    0.0
  ]
}